,manufacturer,mileage
1,audi,17.61111111
2,chevrolet,15
3,dodge,13.13513514
4,ford,14
5,honda,24.44444444
6,hyundai,18.64285714
7,jeep,13.5
8,land rover,11.5
9,lincoln,11.33333333
10,mercury,13.25
11,nissan,18.07692308
12,pontiac,17
13,subaru,19.28571429
14,toyota,18.52941176
15,volkswagen,20.92592593